,video_id,it_pair,chunk_id,pathology,image_path,medical_text,roi_text,combined_caption,noisy_text,corrected_text,med_umls_ids,magnification,video_duration,pair_chunk_time,height,width,fps
0,gSobKB_2Ris,1.0,0.0,"['Dermatopathology', 'Soft tissue', 'Hematopathology']",gSobKB_2Ris_image_f4c25a21-c6e4-48d8-9772-faaf2508d086.jpg,['Skin punch biopsy showed mild Interface Dermatitis consistent with lupus erythematosus. Immunofluorescence was also performed.'],[],['Skin punch biopsy showed mild Interface Dermatitis consistent with lupus erythematosus. Immunofluorescence was also performed.'], Got a skin bunch biopsy from a 22-year-old female. Also later on did immunofluorescence. You know what that means. Mild Interface Dermatitis. Consistent with lupus erythematis. Hopefully you noted the Perivascular Inflammation or I should say Perivascular Inflammation., Got a skin punch biopsy from a 22-year-old female. Also later on did immunofluorescence. You know what that means. Mild Interface Dermatitis. Consistent with lupus erythematosus. Hopefully you noted the Perivascular Inflammation or I should say Perivascular Inflammation.,"[[{'entity': 'Skin punch biopsy', 'concept_id': 'C0191321', 'confidence': 1.0}, {'entity': 'Interface Dermatitis', 'concept_id': 'C0262981', 'confidence': 1.0}, {'entity': 'consistent with', 'concept_id': 'C0332290', 'confidence': 1.0}, {'entity': 'lupus erythematosus', 'concept_id': 'C0409974', 'confidence': 1.0}, {'entity': 'Immunofluorescence', 'concept_id': 'C0016318', 'confidence': 1.0}]]",0.0,92.5258,48.69778947368421,1080.0,1920.0,29.97
1,gSobKB_2Ris,1.0,0.0,"['Dermatopathology', 'Soft tissue', 'Hematopathology']",gSobKB_2Ris_image_f1e8b404-e3e8-4811-946b-73b9de61fb3e.jpg,['Skin punch biopsy showed mild Interface Dermatitis consistent with lupus erythematosus. Immunofluorescence was also performed.'],[],['Skin punch biopsy showed mild Interface Dermatitis consistent with lupus erythematosus. Immunofluorescence was also performed.'], Got a skin bunch biopsy from a 22-year-old female. Also later on did immunofluorescence. You know what that means. Mild Interface Dermatitis. Consistent with lupus erythematis. Hopefully you noted the Perivascular Inflammation or I should say Perivascular Inflammation., Got a skin punch biopsy from a 22-year-old female. Also later on did immunofluorescence. You know what that means. Mild Interface Dermatitis. Consistent with lupus erythematosus. Hopefully you noted the Perivascular Inflammation or I should say Perivascular Inflammation.,"[[{'entity': 'Skin punch biopsy', 'concept_id': 'C0191321', 'confidence': 1.0}, {'entity': 'Interface Dermatitis', 'concept_id': 'C0262981', 'confidence': 1.0}, {'entity': 'consistent with', 'concept_id': 'C0332290', 'confidence': 1.0}, {'entity': 'lupus erythematosus', 'concept_id': 'C0409974', 'confidence': 1.0}, {'entity': 'Immunofluorescence', 'concept_id': 'C0016318', 'confidence': 1.0}]]",0.0,92.5258,48.69778947368421,1080.0,1920.0,29.97
2,gSobKB_2Ris,1.0,1.0,"['Dermatopathology', 'Soft tissue', 'Hematopathology']",gSobKB_2Ris_image_1d5d0ffc-3ee8-4e09-8980-87b9cee96f4b.jpg,"['Mild Interface Dermatitis, which is a type of skin inflammation that affects the area where the epidermis and dermis meet.', 'The diagnosis of lupus erythematosus, which is an autoimmune disease that can cause skin rashes and other symptoms.']",[],"['Mild Interface Dermatitis, which is a type of skin inflammation that affects the area where the epidermis and dermis meet.', 'The diagnosis of lupus erythematosus, which is an autoimmune disease that can cause skin rashes and other symptoms.']", Mild Interface Dermatitis. Consistent with lupus erythematis. Hopefully you noted the Perivascular Inflammation or I should say Perivascular Inflammation., Mild Interface Dermatitis. Consistent with lupus erythematosus. Hopefully you noted the Perivascular Inflammation or I should say Perivascular Inflammation.,"[[{'entity': 'Mild Interface Dermatitis', 'concept_id': 'C0262981', 'confidence': 0.8616485595703125}, {'entity': 'skin inflammation', 'concept_id': 'C0011603', 'confidence': 1.0}, {'entity': 'area', 'concept_id': 'C0017446', 'confidence': 1.0}, {'entity': 'epidermis', 'concept_id': 'C0014520', 'confidence': 1.0}, {'entity': 'dermis', 'concept_id': 'C0011646', 'confidence': 1.0}, {'entity': 'meet', 'concept_id': 'C1550543', 'confidence': 1.0}], [{'entity': 'diagnosis', 'concept_id': 'C0011900', 'confidence': 0.9999998807907104}, {'entity': 'lupus erythematosus', 'concept_id': 'C0409974', 'confidence': 1.0}, {'entity': 'autoimmune disease', 'concept_id': 'C0004364', 'confidence': 1.0}, {'entity': 'skin rashes', 'concept_id': 'C0015230', 'confidence': 1.0}, {'entity': 'symptoms', 'concept_id': 'C0683368', 'confidence': 1.0}]]",2.0,92.5258,48.69778947368421,1080.0,1920.0,29.97
3,gSobKB_2Ris,1.0,2.0,"['Dermatopathology', 'Soft tissue', 'Hematopathology']",gSobKB_2Ris_image_7f25440c-ef63-4f2f-97a9-5befb8166f25.jpg,['Mild Interface Dermatitis consistent with lupus erythematosus.'],[],['Mild Interface Dermatitis consistent with lupus erythematosus.'], Mild Interface Dermatitis. Consistent with lupus erythematis. Hopefully you noted the Perivascular Inflammation or I should say Perivascular Inflammation., Mild Interface Dermatitis. Consistent with lupus erythematosus. Hopefully you noted the Perivascular Inflammation or I should say Perivascular Inflammation.,"[[{'entity': 'Mild Interface', 'concept_id': 'C1708533', 'confidence': 0.7678548097610474}, {'entity': 'Dermatitis', 'concept_id': 'C0011603', 'confidence': 1.0}, {'entity': 'consistent with', 'concept_id': 'C0332290', 'confidence': 1.0}, {'entity': 'lupus erythematosus', 'concept_id': 'C0409974', 'confidence': 1.0}]]",0.0,92.5258,48.69778947368421,1080.0,1920.0,29.97
4,gSobKB_2Ris,1.0,3.0,"['Dermatopathology', 'Soft tissue', 'Hematopathology']",gSobKB_2Ris_image_51af893e-2596-45d8-845c-d2e39acb616f.jpg,['Mild interface dermatitis consistent with lupus erythematosus.'],['Interface dermatitis'],"['Mild interface dermatitis consistent with lupus erythematosus.', 'Interface dermatitis']", Mild Interface Dermatitis. Consistent with lupus erythematis. Hopefully you noted the Perivascular Inflammation or I should say Perivascular Inflammation., Mild Interface Dermatitis. Consistent with lupus erythematosus. Hopefully you noted the Perivascular Inflammation or I should say Perivascular Inflammation.,"[[{'entity': 'Mild interface dermatitis', 'concept_id': 'C0262981', 'confidence': 0.8616485595703125}, {'entity': 'consistent with', 'concept_id': 'C0332290', 'confidence': 1.0}, {'entity': 'lupus erythematosus', 'concept_id': 'C0409974', 'confidence': 1.0}]]",1.0,92.5258,48.69778947368421,1080.0,1920.0,29.97
5,gSobKB_2Ris,1.0,4.0,"['Dermatopathology', 'Soft tissue', 'Hematopathology']",gSobKB_2Ris_image_00db3e22-ff46-4912-aa90-dba3c92eaa62.jpg,"['Mild Interface Dermatitis, which may be related to an autoimmune condition such as lupus erythematosus.']",[],"['Mild Interface Dermatitis, which may be related to an autoimmune condition such as lupus erythematosus.']", Mild Interface Dermatitis. Consistent with lupus erythematis. Hopefully you noted the Perivascular Inflammation or I should say Perivascular Inflammation., Mild Interface Dermatitis. Consistent with lupus erythematosus. Hopefully you noted the Perivascular Inflammation or I should say Perivascular Inflammation.,"[[{'entity': 'Mild Interface Dermatitis', 'concept_id': 'C0262981', 'confidence': 0.8616485595703125}, {'entity': 'autoimmune condition', 'concept_id': 'C0004364', 'confidence': 1.0}, {'entity': 'lupus erythematosus', 'concept_id': 'C0409974', 'confidence': 1.0}]]",2.0,92.5258,48.69778947368421,1080.0,1920.0,29.97
6,gSobKB_2Ris,1.0,5.0,"['Dermatopathology', 'Soft tissue', 'Hematopathology']",gSobKB_2Ris_image_6d2f00ea-fb5a-420e-9f4c-2adf3c603b4a.jpg,['Mild Interface Dermatitis consistent with lupus erythematosus.'],[],['Mild Interface Dermatitis consistent with lupus erythematosus.'], Mild Interface Dermatitis. Consistent with lupus erythematis. Hopefully you noted the Perivascular Inflammation or I should say Perivascular Inflammation., Mild Interface Dermatitis. Consistent with lupus erythematosus. Hopefully you noted the Perivascular Inflammation or I should say Perivascular Inflammation.,"[[{'entity': 'Mild Interface', 'concept_id': 'C1708533', 'confidence': 0.7678548097610474}, {'entity': 'Dermatitis', 'concept_id': 'C0011603', 'confidence': 1.0}, {'entity': 'consistent with', 'concept_id': 'C0332290', 'confidence': 1.0}, {'entity': 'lupus erythematosus', 'concept_id': 'C0409974', 'confidence': 1.0}]]",1.0,92.5258,48.69778947368421,1080.0,1920.0,29.97
7,gSobKB_2Ris,1.0,6.0,"['Dermatopathology', 'Soft tissue', 'Hematopathology']",gSobKB_2Ris_image_41eebfd6-e45a-4117-9583-ea7b907cdd58.jpg,['Mild interface dermatitis is consistent with lupus erythematosus.'],[],['Mild interface dermatitis is consistent with lupus erythematosus.'], Mild Interface Dermatitis. Consistent with lupus erythematis. Hopefully you noted the Perivascular Inflammation or I should say Perivascular Inflammation., Mild Interface Dermatitis. Consistent with lupus erythematosus. Hopefully you noted the Perivascular Inflammation or I should say Perivascular Inflammation.,"[[{'entity': 'Mild interface dermatitis', 'concept_id': 'C0262981', 'confidence': 0.8616485595703125}, {'entity': 'consistent with', 'concept_id': 'C0332290', 'confidence': 1.0}, {'entity': 'lupus erythematosus', 'concept_id': 'C0409974', 'confidence': 1.0}]]",0.0,92.5258,48.69778947368421,1080.0,1920.0,29.97
8,-QoNfyal1bU,1.0,0.0,"['Gastrointestinal', 'Dermatopathology', 'Renal']",-QoNfyal1bU_image_a5fef124-3378-4e89-8693-0d2a7a3d4825.jpg,"['Dilated congested veins are present in the anal area, underlying a squamous mucosa.']",['large dilated vascular spaces lined by thin amounts of smooth muscle (veins)'],"['Dilated congested veins are present in the anal area, underlying a squamous mucosa.', 'large dilated vascular spaces lined by thin amounts of smooth muscle (veins)']", Here are large dilated vascular spaces lined by thin amounts of smooth muscle which means they are veins. They are dilated congested veins. They are underlying a squamous mucosa. They are from the anal area. This is by definition hemorrhoids. There, Here are large dilated vascular spaces lined by thin amounts of smooth muscle which means they are veins. They are dilated congested veins. They are underlying a squamous mucosa. They are from the anal area. This is by definition hemorrhoids. There,"[[{'entity': 'Dilated', 'concept_id': 'C0700124', 'confidence': 0.9999999403953552}, {'entity': 'anal area', 'concept_id': 'C0017446', 'confidence': 0.7906681299209595}, {'entity': 'squamous mucosa', 'concept_id': 'C1182670', 'confidence': 0.7671424746513367}]]",0.0,142.0,11.007751937984496,480.0,540.0,15.0
9,-QoNfyal1bU,1.0,1.0,"['Gastrointestinal', 'Dermatopathology', 'Renal']",-QoNfyal1bU_image_84c6d182-2cec-4612-a444-0d04287018f5.jpg,"['Presence of dilated congested veins lined by thin amounts of smooth muscle, which are hemorrhoids.']",['Large dilated vascular spaces underlying a squamous mucosa in the anal area.'],"['Presence of dilated congested veins lined by thin amounts of smooth muscle, which are hemorrhoids.', 'Large dilated vascular spaces underlying a squamous mucosa in the anal area.']", Here are large dilated vascular spaces lined by thin amounts of smooth muscle which means they are veins. They are dilated congested veins. They are underlying a squamous mucosa. They are from the anal area. This is by definition hemorrhoids. There are two kinds of hemorrhoids. There are external hemorrhoids and internal hemorrhoids and classically external hemorrhoids are underlying squamous mucosa, Here are large dilated vascular spaces lined by thin amounts of smooth muscle which means they are veins. They are dilated congested veins. They are underlying a squamous mucosa. They are from the anal area. This is by definition hemorrhoids. There are two kinds of hemorrhoids. There are external hemorrhoids and internal hemorrhoids and typically external hemorrhoids are underlying squamous mucosa,"[[{'entity': 'Presence', 'concept_id': 'C0150312', 'confidence': 1.0}, {'entity': 'dilated', 'concept_id': 'C0700124', 'confidence': 0.9999999403953552}, {'entity': 'smooth muscle', 'concept_id': 'C1267092', 'confidence': 1.0}, {'entity': 'hemorrhoids', 'concept_id': 'C0019112', 'confidence': 1.0}]]",0.0,142.0,11.007751937984496,480.0,540.0,15.0
10,-QoNfyal1bU,1.0,1.0,"['Gastrointestinal', 'Dermatopathology', 'Renal']",-QoNfyal1bU_image_59cd2ea0-4042-4f9d-8e29-681df2dec6f3.jpg,"['Presence of dilated congested veins lined by thin amounts of smooth muscle, which are hemorrhoids.']","['Large dilated vascular spaces underlying a squamous mucosa in the anal area.', 'Large dilated vascular spaces underlying a squamous mucosa in the anal area.', 'Large dilated vascular spaces underlying a squamous mucosa in the anal area.']","['Presence of dilated congested veins lined by thin amounts of smooth muscle, which are hemorrhoids.', 'Large dilated vascular spaces underlying a squamous mucosa in the anal area.', 'Large dilated vascular spaces underlying a squamous mucosa in the anal area.', 'Large dilated vascular spaces underlying a squamous mucosa in the anal area.']", Here are large dilated vascular spaces lined by thin amounts of smooth muscle which means they are veins. They are dilated congested veins. They are underlying a squamous mucosa. They are from the anal area. This is by definition hemorrhoids. There are two kinds of hemorrhoids. There are external hemorrhoids and internal hemorrhoids and classically external hemorrhoids are underlying squamous mucosa, Here are large dilated vascular spaces lined by thin amounts of smooth muscle which means they are veins. They are dilated congested veins. They are underlying a squamous mucosa. They are from the anal area. This is by definition hemorrhoids. There are two kinds of hemorrhoids. There are external hemorrhoids and internal hemorrhoids and typically external hemorrhoids are underlying squamous mucosa,"[[{'entity': 'Presence', 'concept_id': 'C0150312', 'confidence': 1.0}, {'entity': 'dilated', 'concept_id': 'C0700124', 'confidence': 0.9999999403953552}, {'entity': 'smooth muscle', 'concept_id': 'C1267092', 'confidence': 1.0}, {'entity': 'hemorrhoids', 'concept_id': 'C0019112', 'confidence': 1.0}]]",0.0,142.0,11.007751937984496,480.0,540.0,15.0
11,-QoNfyal1bU,1.0,2.0,"['Gastrointestinal', 'Dermatopathology', 'Renal']",-QoNfyal1bU_image_f75f9dfd-7d9f-436c-9001-c8b8154fc0ee.jpg,['Dilated congested veins underlying a squamous mucosa in the anal area are defined as hemorrhoids.'],['Dilated congested veins underlying squamous mucosa in the anal area (hemorrhoids)'],"['Dilated congested veins underlying a squamous mucosa in the anal area are defined as hemorrhoids.', 'Dilated congested veins underlying squamous mucosa in the anal area (hemorrhoids)']", which means they are veins. They are dilated congested veins. They are underlying a squamous mucosa. They are from the anal area. This is by definition hemorrhoids. There are two kinds of hemorrhoids. There are external hemorrhoids and internal hemorrhoids and classically external hemorrhoids are underlying squamous mucosa and internal hemorrhoids classically underlie columnar mucosa and the transition, which means they are veins. They are dilated congested veins. They are underlying a squamous mucosa. They are from the anal area. This is by definition hemorrhoids. There are two kinds of hemorrhoids. There are external hemorrhoids and internal hemorrhoids and classically external hemorrhoids are underlying squamous mucosa and internal hemorrhoids classically underlie columnar mucosa and the transition,"[[{'entity': 'Dilated', 'concept_id': 'C0700124', 'confidence': 0.9999999403953552}, {'entity': 'squamous mucosa', 'concept_id': 'C1182670', 'confidence': 0.7671424746513367}, {'entity': 'anal', 'concept_id': 'C0003461', 'confidence': 1.0}, {'entity': 'hemorrhoids', 'concept_id': 'C0019112', 'confidence': 1.0}]]",0.0,142.0,11.007751937984496,480.0,540.0,15.0
12,-QoNfyal1bU,1.0,2.0,"['Gastrointestinal', 'Dermatopathology', 'Renal']",-QoNfyal1bU_image_08d1d0cc-98cb-4869-954e-04e5131514e9.jpg,['Dilated congested veins underlying a squamous mucosa in the anal area are defined as hemorrhoids.'],"['Dilated congested veins underlying squamous mucosa in the anal area (hemorrhoids)', 'Dilated congested veins underlying squamous mucosa in the anal area (hemorrhoids)']","['Dilated congested veins underlying a squamous mucosa in the anal area are defined as hemorrhoids.', 'Dilated congested veins underlying squamous mucosa in the anal area (hemorrhoids)', 'Dilated congested veins underlying squamous mucosa in the anal area (hemorrhoids)']", which means they are veins. They are dilated congested veins. They are underlying a squamous mucosa. They are from the anal area. This is by definition hemorrhoids. There are two kinds of hemorrhoids. There are external hemorrhoids and internal hemorrhoids and classically external hemorrhoids are underlying squamous mucosa and internal hemorrhoids classically underlie columnar mucosa and the transition, which means they are veins. They are dilated congested veins. They are underlying a squamous mucosa. They are from the anal area. This is by definition hemorrhoids. There are two kinds of hemorrhoids. There are external hemorrhoids and internal hemorrhoids and classically external hemorrhoids are underlying squamous mucosa and internal hemorrhoids classically underlie columnar mucosa and the transition,"[[{'entity': 'Dilated', 'concept_id': 'C0700124', 'confidence': 0.9999999403953552}, {'entity': 'squamous mucosa', 'concept_id': 'C1182670', 'confidence': 0.7671424746513367}, {'entity': 'anal', 'concept_id': 'C0003461', 'confidence': 1.0}, {'entity': 'hemorrhoids', 'concept_id': 'C0019112', 'confidence': 1.0}]]",0.0,142.0,11.007751937984496,480.0,540.0,15.0
13,-QoNfyal1bU,1.0,2.0,"['Gastrointestinal', 'Dermatopathology', 'Renal']",-QoNfyal1bU_image_a22eaa06-7ee4-4c58-b836-3822dc350916.jpg,['Dilated congested veins underlying a squamous mucosa in the anal area are defined as hemorrhoids.'],"['Dilated congested veins underlying squamous mucosa in the anal area (hemorrhoids)', 'Dilated congested veins underlying squamous mucosa in the anal area (hemorrhoids)']","['Dilated congested veins underlying a squamous mucosa in the anal area are defined as hemorrhoids.', 'Dilated congested veins underlying squamous mucosa in the anal area (hemorrhoids)', 'Dilated congested veins underlying squamous mucosa in the anal area (hemorrhoids)']", which means they are veins. They are dilated congested veins. They are underlying a squamous mucosa. They are from the anal area. This is by definition hemorrhoids. There are two kinds of hemorrhoids. There are external hemorrhoids and internal hemorrhoids and classically external hemorrhoids are underlying squamous mucosa and internal hemorrhoids classically underlie columnar mucosa and the transition, which means they are veins. They are dilated congested veins. They are underlying a squamous mucosa. They are from the anal area. This is by definition hemorrhoids. There are two kinds of hemorrhoids. There are external hemorrhoids and internal hemorrhoids and classically external hemorrhoids are underlying squamous mucosa and internal hemorrhoids classically underlie columnar mucosa and the transition,"[[{'entity': 'Dilated', 'concept_id': 'C0700124', 'confidence': 0.9999999403953552}, {'entity': 'squamous mucosa', 'concept_id': 'C1182670', 'confidence': 0.7671424746513367}, {'entity': 'anal', 'concept_id': 'C0003461', 'confidence': 1.0}, {'entity': 'hemorrhoids', 'concept_id': 'C0019112', 'confidence': 1.0}]]",0.0,142.0,11.007751937984496,480.0,540.0,15.0
14,-QoNfyal1bU,1.0,3.0,"['Gastrointestinal', 'Dermatopathology', 'Renal']",-QoNfyal1bU_image_87d220a9-cc6d-4488-ba7b-9235cc9f3431.jpg,"['Description of external and internal hemorrhoids and their location relative to squamous and columnar mucosa.', 'Mention of the squamo columnar junction in the body called the pectinate line.']",[],"['Description of external and internal hemorrhoids and their location relative to squamous and columnar mucosa.', 'Mention of the squamo columnar junction in the body called the pectinate line.']", hemorrhoids. There are two kinds of hemorrhoids. There are external hemorrhoids and internal hemorrhoids and classically external hemorrhoids are underlying squamous mucosa and internal hemorrhoids classically underlie columnar mucosa and the transition between the columnar mucosa and the shinier squamous mucosa is another squamo columnar junction in our body called the pectinate line. The external hemorrhoids, hemorrhoids. There are two kinds of hemorrhoids. There are external hemorrhoids and internal hemorrhoids and classically external hemorrhoids are underlying squamous mucosa and internal hemorrhoids classically underlie columnar mucosa and the transition between the columnar mucosa and the shinier squamous mucosa is another squamo columnar junction in our body called the pectinate line. The external hemorrhoids,"[[{'entity': 'Description', 'concept_id': 'C0678257', 'confidence': 1.0}, {'entity': 'external', 'concept_id': 'C0205101', 'confidence': 1.0}, {'entity': 'internal hemorrhoids', 'concept_id': 'C0265034', 'confidence': 0.9999998807907104}, {'entity': 'location', 'concept_id': 'C0450429', 'confidence': 1.0}, {'entity': 'squamous', 'concept_id': 'C1182670', 'confidence': 0.9999998807907104}], [{'entity': 'Mention', 'concept_id': 'C0084844', 'confidence': 0.5821413993835449}, {'entity': 'squamo', 'concept_id': 'C0641349', 'confidence': 0.7804284691810608}, {'entity': 'body', 'concept_id': 'C0227230', 'confidence': 1.0}, {'entity': 'pectinate line', 'concept_id': 'C0821671', 'confidence': 0.9999998807907104}]]",0.0,142.0,11.007751937984496,480.0,540.0,15.0
15,-QoNfyal1bU,1.0,3.0,"['Gastrointestinal', 'Dermatopathology', 'Renal']",-QoNfyal1bU_image_02ed0b57-84bc-4050-bce9-2e01c29330ae.jpg,"['Description of external and internal hemorrhoids and their location relative to squamous and columnar mucosa.', 'Mention of the squamo columnar junction in the body called the pectinate line.']",[],"['Description of external and internal hemorrhoids and their location relative to squamous and columnar mucosa.', 'Mention of the squamo columnar junction in the body called the pectinate line.']", hemorrhoids. There are two kinds of hemorrhoids. There are external hemorrhoids and internal hemorrhoids and classically external hemorrhoids are underlying squamous mucosa and internal hemorrhoids classically underlie columnar mucosa and the transition between the columnar mucosa and the shinier squamous mucosa is another squamo columnar junction in our body called the pectinate line. The external hemorrhoids, hemorrhoids. There are two kinds of hemorrhoids. There are external hemorrhoids and internal hemorrhoids and classically external hemorrhoids are underlying squamous mucosa and internal hemorrhoids classically underlie columnar mucosa and the transition between the columnar mucosa and the shinier squamous mucosa is another squamo columnar junction in our body called the pectinate line. The external hemorrhoids,"[[{'entity': 'Description', 'concept_id': 'C0678257', 'confidence': 1.0}, {'entity': 'external', 'concept_id': 'C0205101', 'confidence': 1.0}, {'entity': 'internal hemorrhoids', 'concept_id': 'C0265034', 'confidence': 0.9999998807907104}, {'entity': 'location', 'concept_id': 'C0450429', 'confidence': 1.0}, {'entity': 'squamous', 'concept_id': 'C1182670', 'confidence': 0.9999998807907104}], [{'entity': 'Mention', 'concept_id': 'C0084844', 'confidence': 0.5821413993835449}, {'entity': 'squamo', 'concept_id': 'C0641349', 'confidence': 0.7804284691810608}, {'entity': 'body', 'concept_id': 'C0227230', 'confidence': 1.0}, {'entity': 'pectinate line', 'concept_id': 'C0821671', 'confidence': 0.9999998807907104}]]",0.0,142.0,11.007751937984496,480.0,540.0,15.0
16,-QoNfyal1bU,1.0,4.0,"['Gastrointestinal', 'Dermatopathology', 'Renal']",-QoNfyal1bU_image_acefe349-3e8d-497a-a6c6-bea75fa61552.jpg,['The transition between columnar and squamous mucosa is called the pectinate line.'],"['squamous mucosa', 'columnar mucosa', 'pectinate line', 'inferior vena cava', 'squamous mucosa', 'columnar mucosa', 'pectinate line', 'inferior vena cava']","['The transition between columnar and squamous mucosa is called the pectinate line.', 'squamous mucosa', 'columnar mucosa', 'pectinate line', 'inferior vena cava', 'squamous mucosa', 'columnar mucosa', 'pectinate line', 'inferior vena cava']", and internal hemorrhoids and classically external hemorrhoids are underlying squamous mucosa and internal hemorrhoids classically underlie columnar mucosa and the transition between the columnar mucosa and the shinier squamous mucosa is another squamo columnar junction in our body called the pectinate line. The external hemorrhoids in the distal anus are more superficial and usually more visible. The internal hemorrhoid and they drain into the inferior vena cava directly. The, and internal hemorrhoids and classically external hemorrhoids are underlying squamous mucosa and internal hemorrhoids classically underlie columnar mucosa and the transition between the columnar mucosa and the shinier squamous mucosa is another squamo columnar junction in our body called the pectinate line. The external hemorrhoids in the distal anus are more superficial and usually more visible. The internal hemorrhoid and they drain into the inferior vena cava directly. The,"[[{'entity': 'External hemorrhoids', 'concept_id': 'C0265040', 'confidence': 1.0}, {'entity': 'squamous mucosa', 'concept_id': 'C1182670', 'confidence': 0.7671424746513367}, {'entity': 'internal hemorrhoids', 'concept_id': 'C0265034', 'confidence': 0.9999998807907104}, {'entity': 'columnar mucosa', 'concept_id': 'C1182672', 'confidence': 0.7640655636787415}], [{'entity': 'transition', 'concept_id': 'C0599156', 'confidence': 0.9999999403953552}, {'entity': 'columnar', 'concept_id': 'C1182672', 'confidence': 1.0}, {'entity': 'squamous mucosa', 'concept_id': 'C1182670', 'confidence': 0.7671424746513367}, {'entity': 'pectinate line', 'concept_id': 'C0821671', 'confidence': 0.9999998807907104}], [{'entity': 'Internal hemorrhoids', 'concept_id': 'C0265034', 'confidence': 0.9999998807907104}, {'entity': 'drain', 'concept_id': 'C0013103', 'confidence': 1.0}, {'entity': 'inferior vena cava', 'concept_id': 'C0042458', 'confidence': 0.9999998807907104}]]",0.0,142.0,11.007751937984496,480.0,540.0,15.0
17,-QoNfyal1bU,1.0,4.0,"['Gastrointestinal', 'Dermatopathology', 'Renal']",-QoNfyal1bU_image_ebc896f7-0759-4149-8474-d561a607f34a.jpg,"['External hemorrhoids are located under squamous mucosa and internal hemorrhoids are located under columnar mucosa.', 'The transition between columnar and squamous mucosa is called the pectinate line.', 'Internal hemorrhoids drain into the inferior vena cava.']","['squamous mucosa', 'columnar mucosa', 'pectinate line', 'inferior vena cava', 'squamous mucosa', 'columnar mucosa', 'pectinate line', 'inferior vena cava']","['External hemorrhoids are located under squamous mucosa and internal hemorrhoids are located under columnar mucosa.', 'The transition between columnar and squamous mucosa is called the pectinate line.', 'Internal hemorrhoids drain into the inferior vena cava.', 'squamous mucosa', 'columnar mucosa', 'pectinate line', 'inferior vena cava', 'squamous mucosa', 'columnar mucosa', 'pectinate line', 'inferior vena cava']", and internal hemorrhoids and classically external hemorrhoids are underlying squamous mucosa and internal hemorrhoids classically underlie columnar mucosa and the transition between the columnar mucosa and the shinier squamous mucosa is another squamo columnar junction in our body called the pectinate line. The external hemorrhoids in the distal anus are more superficial and usually more visible. The internal hemorrhoid and they drain into the inferior vena cava directly. The, and internal hemorrhoids and classically external hemorrhoids are underlying squamous mucosa and internal hemorrhoids classically underlie columnar mucosa and the transition between the columnar mucosa and the shinier squamous mucosa is another squamo columnar junction in our body called the pectinate line. The external hemorrhoids in the distal anus are more superficial and usually more visible. The internal hemorrhoid and they drain into the inferior vena cava directly. The,"[[{'entity': 'External hemorrhoids', 'concept_id': 'C0265040', 'confidence': 1.0}, {'entity': 'squamous mucosa', 'concept_id': 'C1182670', 'confidence': 0.7671424746513367}, {'entity': 'internal hemorrhoids', 'concept_id': 'C0265034', 'confidence': 0.9999998807907104}, {'entity': 'columnar mucosa', 'concept_id': 'C1182672', 'confidence': 0.7640655636787415}], [{'entity': 'transition', 'concept_id': 'C0599156', 'confidence': 0.9999999403953552}, {'entity': 'columnar', 'concept_id': 'C1182672', 'confidence': 1.0}, {'entity': 'squamous mucosa', 'concept_id': 'C1182670', 'confidence': 0.7671424746513367}, {'entity': 'pectinate line', 'concept_id': 'C0821671', 'confidence': 0.9999998807907104}], [{'entity': 'Internal hemorrhoids', 'concept_id': 'C0265034', 'confidence': 0.9999998807907104}, {'entity': 'drain', 'concept_id': 'C0013103', 'confidence': 1.0}, {'entity': 'inferior vena cava', 'concept_id': 'C0042458', 'confidence': 0.9999998807907104}]]",0.0,142.0,11.007751937984496,480.0,540.0,15.0
18,-QoNfyal1bU,1.0,5.0,"['Gastrointestinal', 'Dermatopathology', 'Renal']",-QoNfyal1bU_image_34d5e715-16c6-4597-ae12-889dc7d69f35.jpg,['The transition between columnar and squamous mucosa is called the pectinate line.'],"['pectinate line', 'external hemorrhoids', 'internal hemorrhoids']","['The transition between columnar and squamous mucosa is called the pectinate line.', 'pectinate line', 'external hemorrhoids', 'internal hemorrhoids']", the transition between the columnar mucosa and the shinier squamous mucosa is another squamo columnar junction in our body called the pectinate line. The external hemorrhoids in the distal anus are more superficial and usually more visible. The internal hemorrhoid and they drain into the inferior vena cava directly. The internal hemorrhoidal vessels are drained into the portal system and, the transition between the columnar mucosa and the shinier squamous mucosa is another squamo columnar junction in our body called the pectinate line. The external hemorrhoids in the distal anus are more superficial and usually more visible. The internal hemorrhoid and they drain into the inferior vena cava directly. The internal hemorrhoidal vessels are drained into the portal system and,"[[{'entity': 'transition', 'concept_id': 'C0599156', 'confidence': 0.9999999403953552}, {'entity': 'columnar', 'concept_id': 'C1182672', 'confidence': 1.0}, {'entity': 'squamous mucosa', 'concept_id': 'C1182670', 'confidence': 0.7671424746513367}, {'entity': 'pectinate line', 'concept_id': 'C0821671', 'confidence': 0.9999998807907104}], [{'entity': 'External hemorrhoids', 'concept_id': 'C0265040', 'confidence': 1.0}, {'entity': 'visible', 'concept_id': 'C0205379', 'confidence': 0.9999998807907104}, {'entity': 'superficial', 'concept_id': 'C0205124', 'confidence': 1.0}, {'entity': 'compared', 'concept_id': 'C1707455', 'confidence': 1.0}, {'entity': 'internal hemorrhoids', 'concept_id': 'C0265034', 'confidence': 0.9999998807907104}], [{'entity': 'Internal hemorrhoids', 'concept_id': 'C0265034', 'confidence': 0.9999998807907104}, {'entity': 'drain', 'concept_id': 'C0013103', 'confidence': 1.0}, {'entity': 'inferior vena cava', 'concept_id': 'C0042458', 'confidence': 0.9999998807907104}, {'entity': 'internal hemorrhoidal vessels', 'concept_id': 'C0265034', 'confidence': 0.7613704204559326}, {'entity': 'drained', 'concept_id': 'C0034640', 'confidence': 0.7567039728164673}, {'entity': 'portal', 'concept_id': 'C0205054', 'confidence': 1.0}]]",0.0,142.0,11.007751937984496,480.0,540.0,15.0
19,-QoNfyal1bU,1.0,5.0,"['Gastrointestinal', 'Dermatopathology', 'Renal']",-QoNfyal1bU_image_a4397635-ca39-44fa-81cd-cefbe0123b6e.jpg,"['The transition between columnar and squamous mucosa is called the pectinate line.', 'External hemorrhoids are more visible and superficial compared to internal hemorrhoids.', 'Internal hemorrhoids drain into the inferior vena cava directly, while the internal hemorrhoidal vessels are drained into the portal.']","['pectinate line', 'external hemorrhoids', 'internal hemorrhoids', 'pectinate line', 'external hemorrhoids', 'internal hemorrhoids']","['The transition between columnar and squamous mucosa is called the pectinate line.', 'External hemorrhoids are more visible and superficial compared to internal hemorrhoids.', 'Internal hemorrhoids drain into the inferior vena cava directly, while the internal hemorrhoidal vessels are drained into the portal.', 'pectinate line', 'external hemorrhoids', 'internal hemorrhoids', 'pectinate line', 'external hemorrhoids', 'internal hemorrhoids']", the transition between the columnar mucosa and the shinier squamous mucosa is another squamo columnar junction in our body called the pectinate line. The external hemorrhoids in the distal anus are more superficial and usually more visible. The internal hemorrhoid and they drain into the inferior vena cava directly. The internal hemorrhoidal vessels are drained into the portal system and, the transition between the columnar mucosa and the shinier squamous mucosa is another squamo columnar junction in our body called the pectinate line. The external hemorrhoids in the distal anus are more superficial and usually more visible. The internal hemorrhoid and they drain into the inferior vena cava directly. The internal hemorrhoidal vessels are drained into the portal system and,"[[{'entity': 'transition', 'concept_id': 'C0599156', 'confidence': 0.9999999403953552}, {'entity': 'columnar', 'concept_id': 'C1182672', 'confidence': 1.0}, {'entity': 'squamous mucosa', 'concept_id': 'C1182670', 'confidence': 0.7671424746513367}, {'entity': 'pectinate line', 'concept_id': 'C0821671', 'confidence': 0.9999998807907104}], [{'entity': 'External hemorrhoids', 'concept_id': 'C0265040', 'confidence': 1.0}, {'entity': 'visible', 'concept_id': 'C0205379', 'confidence': 0.9999998807907104}, {'entity': 'superficial', 'concept_id': 'C0205124', 'confidence': 1.0}, {'entity': 'compared', 'concept_id': 'C1707455', 'confidence': 1.0}, {'entity': 'internal hemorrhoids', 'concept_id': 'C0265034', 'confidence': 0.9999998807907104}], [{'entity': 'Internal hemorrhoids', 'concept_id': 'C0265034', 'confidence': 0.9999998807907104}, {'entity': 'drain', 'concept_id': 'C0013103', 'confidence': 1.0}, {'entity': 'inferior vena cava', 'concept_id': 'C0042458', 'confidence': 0.9999998807907104}, {'entity': 'internal hemorrhoidal vessels', 'concept_id': 'C0265034', 'confidence': 0.7613704204559326}, {'entity': 'drained', 'concept_id': 'C0034640', 'confidence': 0.7567039728164673}, {'entity': 'portal', 'concept_id': 'C0205054', 'confidence': 1.0}]]",0.0,142.0,11.007751937984496,480.0,540.0,15.0
20,-QoNfyal1bU,1.0,5.0,"['Gastrointestinal', 'Dermatopathology', 'Renal']",-QoNfyal1bU_image_dd32561b-1c51-4893-8c4e-89eec9d3053e.jpg,"['The transition between columnar and squamous mucosa is called the pectinate line.', 'External hemorrhoids are more visible and superficial compared to internal hemorrhoids.', 'Internal hemorrhoids drain into the inferior vena cava directly, while the internal hemorrhoidal vessels are drained into the portal.']","['pectinate line', 'external hemorrhoids', 'internal hemorrhoids', 'pectinate line', 'external hemorrhoids', 'internal hemorrhoids']","['The transition between columnar and squamous mucosa is called the pectinate line.', 'External hemorrhoids are more visible and superficial compared to internal hemorrhoids.', 'Internal hemorrhoids drain into the inferior vena cava directly, while the internal hemorrhoidal vessels are drained into the portal.', 'pectinate line', 'external hemorrhoids', 'internal hemorrhoids', 'pectinate line', 'external hemorrhoids', 'internal hemorrhoids']", the transition between the columnar mucosa and the shinier squamous mucosa is another squamo columnar junction in our body called the pectinate line. The external hemorrhoids in the distal anus are more superficial and usually more visible. The internal hemorrhoid and they drain into the inferior vena cava directly. The internal hemorrhoidal vessels are drained into the portal system and, the transition between the columnar mucosa and the shinier squamous mucosa is another squamo columnar junction in our body called the pectinate line. The external hemorrhoids in the distal anus are more superficial and usually more visible. The internal hemorrhoid and they drain into the inferior vena cava directly. The internal hemorrhoidal vessels are drained into the portal system and,"[[{'entity': 'transition', 'concept_id': 'C0599156', 'confidence': 0.9999999403953552}, {'entity': 'columnar', 'concept_id': 'C1182672', 'confidence': 1.0}, {'entity': 'squamous mucosa', 'concept_id': 'C1182670', 'confidence': 0.7671424746513367}, {'entity': 'pectinate line', 'concept_id': 'C0821671', 'confidence': 0.9999998807907104}], [{'entity': 'External hemorrhoids', 'concept_id': 'C0265040', 'confidence': 1.0}, {'entity': 'visible', 'concept_id': 'C0205379', 'confidence': 0.9999998807907104}, {'entity': 'superficial', 'concept_id': 'C0205124', 'confidence': 1.0}, {'entity': 'compared', 'concept_id': 'C1707455', 'confidence': 1.0}, {'entity': 'internal hemorrhoids', 'concept_id': 'C0265034', 'confidence': 0.9999998807907104}], [{'entity': 'Internal hemorrhoids', 'concept_id': 'C0265034', 'confidence': 0.9999998807907104}, {'entity': 'drain', 'concept_id': 'C0013103', 'confidence': 1.0}, {'entity': 'inferior vena cava', 'concept_id': 'C0042458', 'confidence': 0.9999998807907104}, {'entity': 'internal hemorrhoidal vessels', 'concept_id': 'C0265034', 'confidence': 0.7613704204559326}, {'entity': 'drained', 'concept_id': 'C0034640', 'confidence': 0.7567039728164673}, {'entity': 'portal', 'concept_id': 'C0205054', 'confidence': 1.0}]]",0.0,142.0,11.007751937984496,480.0,540.0,15.0
21,-QoNfyal1bU,1.0,5.0,"['Gastrointestinal', 'Dermatopathology', 'Renal']",-QoNfyal1bU_image_58ae98b2-d98c-4f54-ad64-d35b26ef1748.jpg,['External hemorrhoids are more visible and superficial compared to internal hemorrhoids.'],"['pectinate line', 'external hemorrhoids', 'internal hemorrhoids', 'pectinate line', 'external hemorrhoids', 'internal hemorrhoids']","['External hemorrhoids are more visible and superficial compared to internal hemorrhoids.', 'pectinate line', 'external hemorrhoids', 'internal hemorrhoids', 'pectinate line', 'external hemorrhoids', 'internal hemorrhoids']", the transition between the columnar mucosa and the shinier squamous mucosa is another squamo columnar junction in our body called the pectinate line. The external hemorrhoids in the distal anus are more superficial and usually more visible. The internal hemorrhoid and they drain into the inferior vena cava directly. The internal hemorrhoidal vessels are drained into the portal system and, the transition between the columnar mucosa and the shinier squamous mucosa is another squamo columnar junction in our body called the pectinate line. The external hemorrhoids in the distal anus are more superficial and usually more visible. The internal hemorrhoid and they drain into the inferior vena cava directly. The internal hemorrhoidal vessels are drained into the portal system and,"[[{'entity': 'transition', 'concept_id': 'C0599156', 'confidence': 0.9999999403953552}, {'entity': 'columnar', 'concept_id': 'C1182672', 'confidence': 1.0}, {'entity': 'squamous mucosa', 'concept_id': 'C1182670', 'confidence': 0.7671424746513367}, {'entity': 'pectinate line', 'concept_id': 'C0821671', 'confidence': 0.9999998807907104}], [{'entity': 'External hemorrhoids', 'concept_id': 'C0265040', 'confidence': 1.0}, {'entity': 'visible', 'concept_id': 'C0205379', 'confidence': 0.9999998807907104}, {'entity': 'superficial', 'concept_id': 'C0205124', 'confidence': 1.0}, {'entity': 'compared', 'concept_id': 'C1707455', 'confidence': 1.0}, {'entity': 'internal hemorrhoids', 'concept_id': 'C0265034', 'confidence': 0.9999998807907104}], [{'entity': 'Internal hemorrhoids', 'concept_id': 'C0265034', 'confidence': 0.9999998807907104}, {'entity': 'drain', 'concept_id': 'C0013103', 'confidence': 1.0}, {'entity': 'inferior vena cava', 'concept_id': 'C0042458', 'confidence': 0.9999998807907104}, {'entity': 'internal hemorrhoidal vessels', 'concept_id': 'C0265034', 'confidence': 0.7613704204559326}, {'entity': 'drained', 'concept_id': 'C0034640', 'confidence': 0.7567039728164673}, {'entity': 'portal', 'concept_id': 'C0205054', 'confidence': 1.0}]]",0.0,142.0,11.007751937984496,480.0,540.0,15.0
22,-QoNfyal1bU,1.0,6.0,"['Gastrointestinal', 'Dermatopathology', 'Renal']",-QoNfyal1bU_image_3ea7d2b6-5255-4698-9bc0-d20c7cf153fe.jpg,"['External hemorrhoids in the distal anus are more superficial and visible, while internal hemorrhoids drain into the inferior vena cava and are located on the columnar side of the pectinate line.']","['External hemorrhoids in the distal anus', 'Internal hemorrhoids on the columnar side of the pectinate line']","['External hemorrhoids in the distal anus are more superficial and visible, while internal hemorrhoids drain into the inferior vena cava and are located on the columnar side of the pectinate line.', 'External hemorrhoids in the distal anus', 'Internal hemorrhoids on the columnar side of the pectinate line']"," external hemorrhoids in the distal anus are more superficial and usually more visible. The internal hemorrhoid and they drain into the inferior vena cava directly. The internal hemorrhoidal vessels are drained into the portal system and they are on the other side or the columnar side of the pectinate line. Please notice for a lack of a better, please notice that in order to make things more"," external hemorrhoids in the distal anus are more superficial and usually more visible. The internal hemorrhoid and they drain into the inferior vena cava directly. The internal hemorrhoidal vessels are drained into the portal system and they are on the other side or the columnar side of the pectinate line. Please notice for a lack of a better, please notice that in order to make things more","[[{'entity': 'External hemorrhoids', 'concept_id': 'C0265040', 'confidence': 1.0}, {'entity': 'distal anus', 'concept_id': 'C2338818', 'confidence': 0.7873053550720215}, {'entity': 'superficial', 'concept_id': 'C0205124', 'confidence': 1.0}, {'entity': 'visible', 'concept_id': 'C0205379', 'confidence': 0.9999998807907104}, {'entity': 'internal hemorrhoids', 'concept_id': 'C0265034', 'confidence': 0.9999998807907104}, {'entity': 'drain', 'concept_id': 'C0013103', 'confidence': 1.0}, {'entity': 'inferior vena cava', 'concept_id': 'C0042458', 'confidence': 0.9999998807907104}, {'entity': 'columnar', 'concept_id': 'C1182672', 'confidence': 1.0}, {'entity': 'pectinate line', 'concept_id': 'C0821671', 'confidence': 0.9999998807907104}]]",0.0,142.0,11.007751937984496,480.0,540.0,15.0
23,-QoNfyal1bU,1.0,6.0,"['Gastrointestinal', 'Dermatopathology', 'Renal']",-QoNfyal1bU_image_1829fee6-3f98-43be-8b5b-49049033811b.jpg,"['External hemorrhoids in the distal anus are more superficial and visible, while internal hemorrhoids drain into the inferior vena cava and are located on the columnar side of the pectinate line.']","['External hemorrhoids in the distal anus', 'Internal hemorrhoids on the columnar side of the pectinate line', 'External hemorrhoids in the distal anus', 'Internal hemorrhoids on the columnar side of the pectinate line']","['External hemorrhoids in the distal anus are more superficial and visible, while internal hemorrhoids drain into the inferior vena cava and are located on the columnar side of the pectinate line.', 'External hemorrhoids in the distal anus', 'Internal hemorrhoids on the columnar side of the pectinate line', 'External hemorrhoids in the distal anus', 'Internal hemorrhoids on the columnar side of the pectinate line']"," external hemorrhoids in the distal anus are more superficial and usually more visible. The internal hemorrhoid and they drain into the inferior vena cava directly. The internal hemorrhoidal vessels are drained into the portal system and they are on the other side or the columnar side of the pectinate line. Please notice for a lack of a better, please notice that in order to make things more"," external hemorrhoids in the distal anus are more superficial and usually more visible. The internal hemorrhoid and they drain into the inferior vena cava directly. The internal hemorrhoidal vessels are drained into the portal system and they are on the other side or the columnar side of the pectinate line. Please notice for a lack of a better, please notice that in order to make things more","[[{'entity': 'External hemorrhoids', 'concept_id': 'C0265040', 'confidence': 1.0}, {'entity': 'distal anus', 'concept_id': 'C2338818', 'confidence': 0.7873053550720215}, {'entity': 'superficial', 'concept_id': 'C0205124', 'confidence': 1.0}, {'entity': 'visible', 'concept_id': 'C0205379', 'confidence': 0.9999998807907104}, {'entity': 'internal hemorrhoids', 'concept_id': 'C0265034', 'confidence': 0.9999998807907104}, {'entity': 'drain', 'concept_id': 'C0013103', 'confidence': 1.0}, {'entity': 'inferior vena cava', 'concept_id': 'C0042458', 'confidence': 0.9999998807907104}, {'entity': 'columnar', 'concept_id': 'C1182672', 'confidence': 1.0}, {'entity': 'pectinate line', 'concept_id': 'C0821671', 'confidence': 0.9999998807907104}]]",0.0,142.0,11.007751937984496,480.0,540.0,15.0
24,-QoNfyal1bU,1.0,6.0,"['Gastrointestinal', 'Dermatopathology', 'Renal']",-QoNfyal1bU_image_7051a679-cb1c-499a-ad5d-d247425fe1e4.jpg,"['External hemorrhoids in the distal anus are more superficial and visible, while internal hemorrhoids drain into the inferior vena cava and are located on the columnar side of the pectinate line.']","['External hemorrhoids in the distal anus', 'Internal hemorrhoids on the columnar side of the pectinate line', 'External hemorrhoids in the distal anus', 'Internal hemorrhoids on the columnar side of the pectinate line']","['External hemorrhoids in the distal anus are more superficial and visible, while internal hemorrhoids drain into the inferior vena cava and are located on the columnar side of the pectinate line.', 'External hemorrhoids in the distal anus', 'Internal hemorrhoids on the columnar side of the pectinate line', 'External hemorrhoids in the distal anus', 'Internal hemorrhoids on the columnar side of the pectinate line']"," external hemorrhoids in the distal anus are more superficial and usually more visible. The internal hemorrhoid and they drain into the inferior vena cava directly. The internal hemorrhoidal vessels are drained into the portal system and they are on the other side or the columnar side of the pectinate line. Please notice for a lack of a better, please notice that in order to make things more"," external hemorrhoids in the distal anus are more superficial and usually more visible. The internal hemorrhoid and they drain into the inferior vena cava directly. The internal hemorrhoidal vessels are drained into the portal system and they are on the other side or the columnar side of the pectinate line. Please notice for a lack of a better, please notice that in order to make things more","[[{'entity': 'External hemorrhoids', 'concept_id': 'C0265040', 'confidence': 1.0}, {'entity': 'distal anus', 'concept_id': 'C2338818', 'confidence': 0.7873053550720215}, {'entity': 'superficial', 'concept_id': 'C0205124', 'confidence': 1.0}, {'entity': 'visible', 'concept_id': 'C0205379', 'confidence': 0.9999998807907104}, {'entity': 'internal hemorrhoids', 'concept_id': 'C0265034', 'confidence': 0.9999998807907104}, {'entity': 'drain', 'concept_id': 'C0013103', 'confidence': 1.0}, {'entity': 'inferior vena cava', 'concept_id': 'C0042458', 'confidence': 0.9999998807907104}, {'entity': 'columnar', 'concept_id': 'C1182672', 'confidence': 1.0}, {'entity': 'pectinate line', 'concept_id': 'C0821671', 'confidence': 0.9999998807907104}]]",0.0,142.0,11.007751937984496,480.0,540.0,15.0
25,-QoNfyal1bU,1.0,7.0,"['Gastrointestinal', 'Dermatopathology', 'Renal']",-QoNfyal1bU_image_fd3771fe-a373-4396-99bc-cefeed1e0530.jpg,['The text mentions internal hemorrhoids that drain into the inferior vena cava directly and the internal hemorrhoidal vessels that are drained into the portal system. The pectinate line separates the two regions.'],"['Internal hemorrhoid', 'Inferior vena cava', 'Internal hemorrhoidal vessels', 'Portal system', 'Pectinate line']","['The text mentions internal hemorrhoids that drain into the inferior vena cava directly and the internal hemorrhoidal vessels that are drained into the portal system. The pectinate line separates the two regions.', 'Internal hemorrhoid', 'Inferior vena cava', 'Internal hemorrhoidal vessels', 'Portal system', 'Pectinate line']"," visible. The internal hemorrhoid and they drain into the inferior vena cava directly. The internal hemorrhoidal vessels are drained into the portal system and they are on the other side or the columnar side of the pectinate line. Please notice for a lack of a better, please notice that in order to make things more simple we'll just call all of these dilated blood vessels in the region hemorrhoids."," visible. The internal hemorrhoid and they drain into the inferior vena cava directly. The internal hemorrhoidal vessels are drained into the portal system and they are on the other side or the columnar side of the pectinate line. Please notice for a lack of a better, please notice that in order to make things more simple we'll just call all of these dilated blood vessels in the region hemorrhoids.","[[{'entity': 'internal hemorrhoids', 'concept_id': 'C0265034', 'confidence': 0.9999998807907104}, {'entity': 'drain', 'concept_id': 'C0013103', 'confidence': 1.0}, {'entity': 'inferior vena cava', 'concept_id': 'C0042458', 'confidence': 0.9999998807907104}, {'entity': 'internal hemorrhoidal vessels', 'concept_id': 'C0265034', 'confidence': 0.7613704204559326}, {'entity': 'drained', 'concept_id': 'C0034640', 'confidence': 0.7567039728164673}, {'entity': 'portal system', 'concept_id': 'C0032717', 'confidence': 1.0}, {'entity': 'pectinate line', 'concept_id': 'C0821671', 'confidence': 0.9999998807907104}, {'entity': 'regions', 'concept_id': 'C0242961', 'confidence': 0.8140352964401245}]]",0.0,142.0,11.007751937984496,480.0,540.0,15.0
26,-QoNfyal1bU,1.0,7.0,"['Gastrointestinal', 'Dermatopathology', 'Renal']",-QoNfyal1bU_image_efd79919-e897-416d-8566-5ea49708e807.jpg,['The text mentions internal hemorrhoids that drain into the inferior vena cava directly and the internal hemorrhoidal vessels that are drained into the portal system. The pectinate line separates the two regions.'],"['Internal hemorrhoid', 'Inferior vena cava', 'Internal hemorrhoidal vessels', 'Portal system', 'Pectinate line', 'Internal hemorrhoid', 'Inferior vena cava', 'Internal hemorrhoidal vessels', 'Portal system', 'Pectinate line', 'Internal hemorrhoid', 'Inferior vena cava', 'Internal hemorrhoidal vessels', 'Portal system', 'Pectinate line', 'Internal hemorrhoid', 'Inferior vena cava', 'Internal hemorrhoidal vessels', 'Portal system', 'Pectinate line']","['The text mentions internal hemorrhoids that drain into the inferior vena cava directly and the internal hemorrhoidal vessels that are drained into the portal system. The pectinate line separates the two regions.', 'Internal hemorrhoid', 'Inferior vena cava', 'Internal hemorrhoidal vessels', 'Portal system', 'Pectinate line', 'Internal hemorrhoid', 'Inferior vena cava', 'Internal hemorrhoidal vessels', 'Portal system', 'Pectinate line', 'Internal hemorrhoid', 'Inferior vena cava', 'Internal hemorrhoidal vessels', 'Portal system', 'Pectinate line', 'Internal hemorrhoid', 'Inferior vena cava', 'Internal hemorrhoidal vessels', 'Portal system', 'Pectinate line']"," visible. The internal hemorrhoid and they drain into the inferior vena cava directly. The internal hemorrhoidal vessels are drained into the portal system and they are on the other side or the columnar side of the pectinate line. Please notice for a lack of a better, please notice that in order to make things more simple we'll just call all of these dilated blood vessels in the region hemorrhoids."," visible. The internal hemorrhoid and they drain into the inferior vena cava directly. The internal hemorrhoidal vessels are drained into the portal system and they are on the other side or the columnar side of the pectinate line. Please notice for a lack of a better, please notice that in order to make things more simple we'll just call all of these dilated blood vessels in the region hemorrhoids.","[[{'entity': 'internal hemorrhoids', 'concept_id': 'C0265034', 'confidence': 0.9999998807907104}, {'entity': 'drain', 'concept_id': 'C0013103', 'confidence': 1.0}, {'entity': 'inferior vena cava', 'concept_id': 'C0042458', 'confidence': 0.9999998807907104}, {'entity': 'internal hemorrhoidal vessels', 'concept_id': 'C0265034', 'confidence': 0.7613704204559326}, {'entity': 'drained', 'concept_id': 'C0034640', 'confidence': 0.7567039728164673}, {'entity': 'portal system', 'concept_id': 'C0032717', 'confidence': 1.0}, {'entity': 'pectinate line', 'concept_id': 'C0821671', 'confidence': 0.9999998807907104}, {'entity': 'regions', 'concept_id': 'C0242961', 'confidence': 0.8140352964401245}]]",0.0,142.0,11.007751937984496,480.0,540.0,15.0
27,-QoNfyal1bU,1.0,8.0,"['Gastrointestinal', 'Dermatopathology', 'Renal']",-QoNfyal1bU_image_c8fa85e5-5710-423c-87cd-0c6fda0f5a8c.jpg,['The dilated blood vessels in the region on the columnar side of the pectinate line are commonly referred to as hemorrhoids.'],"['Dilated blood vessels in the region on the columnar side of the pectinate line', 'Dilated blood vessels in the region on the columnar side of the pectinate line', 'Dilated blood vessels in the region on the columnar side of the pectinate line']","['The dilated blood vessels in the region on the columnar side of the pectinate line are commonly referred to as hemorrhoids.', 'Dilated blood vessels in the region on the columnar side of the pectinate line', 'Dilated blood vessels in the region on the columnar side of the pectinate line', 'Dilated blood vessels in the region on the columnar side of the pectinate line']"," system and they are on the other side or the columnar side of the pectinate line. Please notice for a lack of a better, please notice that in order to make things more simple we'll just call all of these dilated blood vessels in the region hemorrhoids. Please notice that even though there are some cells collecting in some of them this is probably not a true thrombosis and for the most"," system and they are on the other side or the columnar side of the pectinate line. Please notice for a lack of a better, please notice that in order to make things more simple we'll just call all of these dilated blood vessels in the region hemorrhoids. Please notice that even though there are some cells collecting in some of them this is probably not a true thrombosis and for the most","[[{'entity': 'dilated blood vessels', 'concept_id': 'C0424830', 'confidence': 1.0}, {'entity': 'region', 'concept_id': 'C0017446', 'confidence': 1.0}, {'entity': 'columnar', 'concept_id': 'C1182672', 'confidence': 1.0}, {'entity': 'pectinate line', 'concept_id': 'C0821671', 'confidence': 0.9999998807907104}, {'entity': 'hemorrhoids', 'concept_id': 'C0019112', 'confidence': 1.0}]]",0.0,142.0,11.007751937984496,480.0,540.0,15.0
28,-QoNfyal1bU,1.0,8.0,"['Gastrointestinal', 'Dermatopathology', 'Renal']",-QoNfyal1bU_image_6e1da8f0-730e-4cf2-b1bb-b305481f95ae.jpg,['The dilated blood vessels in the region on the columnar side of the pectinate line are commonly referred to as hemorrhoids.'],"['Dilated blood vessels in the region on the columnar side of the pectinate line', 'Dilated blood vessels in the region on the columnar side of the pectinate line']","['The dilated blood vessels in the region on the columnar side of the pectinate line are commonly referred to as hemorrhoids.', 'Dilated blood vessels in the region on the columnar side of the pectinate line', 'Dilated blood vessels in the region on the columnar side of the pectinate line']"," system and they are on the other side or the columnar side of the pectinate line. Please notice for a lack of a better, please notice that in order to make things more simple we'll just call all of these dilated blood vessels in the region hemorrhoids. Please notice that even though there are some cells collecting in some of them this is probably not a true thrombosis and for the most"," system and they are on the other side or the columnar side of the pectinate line. Please notice for a lack of a better, please notice that in order to make things more simple we'll just call all of these dilated blood vessels in the region hemorrhoids. Please notice that even though there are some cells collecting in some of them this is probably not a true thrombosis and for the most","[[{'entity': 'dilated blood vessels', 'concept_id': 'C0424830', 'confidence': 1.0}, {'entity': 'region', 'concept_id': 'C0017446', 'confidence': 1.0}, {'entity': 'columnar', 'concept_id': 'C1182672', 'confidence': 1.0}, {'entity': 'pectinate line', 'concept_id': 'C0821671', 'confidence': 0.9999998807907104}, {'entity': 'hemorrhoids', 'concept_id': 'C0019112', 'confidence': 1.0}]]",0.0,142.0,11.007751937984496,480.0,540.0,15.0
29,-QoNfyal1bU,1.0,9.0,"['Gastrointestinal', 'Dermatopathology', 'Renal']",-QoNfyal1bU_image_3ddb0fe0-2026-44f8-be44-3b4e38e27b9a.jpg,"['Presence of dilated blood vessels in the region, referred to as hemorrhoids.', 'No true thrombosis observed, and vessels are mostly large dilated vascular spaces.', 'Hemorrhoids are caused by increased Valsalva and straining.']","['dilated blood vessels', 'hemorrhoids']","['Presence of dilated blood vessels in the region, referred to as hemorrhoids.', 'No true thrombosis observed, and vessels are mostly large dilated vascular spaces.', 'Hemorrhoids are caused by increased Valsalva and straining.', 'dilated blood vessels', 'hemorrhoids']"," Please notice for a lack of a better, please notice that in order to make things more simple we'll just call all of these dilated blood vessels in the region hemorrhoids. Please notice that even though there are some cells collecting in some of them this is probably not a true thrombosis and for the most part all of these vessels are just large dilated vascular spaces. The general cause for hemorrhoids are basically increased val salva, straining at the stool,"," Please notice for a lack of a better, please notice that in order to make things more simple we'll just call all of these dilated blood vessels in the region hemorrhoids. Please notice that even though there are some cells collecting in some of them this is probably not a true thrombosis and for the most part all of these vessels are just large dilated vascular spaces. The general cause for hemorrhoids are basically increased Valsalva, straining at the stool,","[[{'entity': 'Presence', 'concept_id': 'C0150312', 'confidence': 1.0}, {'entity': 'dilated blood vessels', 'concept_id': 'C0424830', 'confidence': 1.0}, {'entity': 'region', 'concept_id': 'C0017446', 'confidence': 1.0}, {'entity': 'hemorrhoids', 'concept_id': 'C0019112', 'confidence': 1.0}], [{'entity': 'No true', 'concept_id': 'C0205238', 'confidence': 0.8752539157867432}, {'entity': 'thrombosis', 'concept_id': 'C0040053', 'confidence': 1.0}, {'entity': 'observed', 'concept_id': 'C1441672', 'confidence': 1.0}, {'entity': 'vessels', 'concept_id': 'C0005847', 'confidence': 1.0}, {'entity': 'vascular spaces', 'concept_id': 'C0225983', 'confidence': 0.819495439529419}], [{'entity': 'Hemorrhoids', 'concept_id': 'C0019112', 'confidence': 1.0}, {'entity': 'increased', 'concept_id': 'C0205217', 'confidence': 1.0}, {'entity': 'Valsalva', 'concept_id': 'C0750122', 'confidence': 1.0}, {'entity': 'straining', 'concept_id': 'C0442694', 'confidence': 1.0}]]",0.0,142.0,11.007751937984496,480.0,540.0,15.0
30,-QoNfyal1bU,1.0,9.0,"['Gastrointestinal', 'Dermatopathology', 'Renal']",-QoNfyal1bU_image_38b26502-61b7-4b82-9ef4-cad05e008837.jpg,"['Presence of dilated blood vessels in the region, referred to as hemorrhoids.', 'No true thrombosis observed, and vessels are mostly large dilated vascular spaces.', 'Hemorrhoids are caused by increased Valsalva and straining.']","['dilated blood vessels', 'hemorrhoids', 'dilated blood vessels', 'hemorrhoids']","['Presence of dilated blood vessels in the region, referred to as hemorrhoids.', 'No true thrombosis observed, and vessels are mostly large dilated vascular spaces.', 'Hemorrhoids are caused by increased Valsalva and straining.', 'dilated blood vessels', 'hemorrhoids', 'dilated blood vessels', 'hemorrhoids']"," Please notice for a lack of a better, please notice that in order to make things more simple we'll just call all of these dilated blood vessels in the region hemorrhoids. Please notice that even though there are some cells collecting in some of them this is probably not a true thrombosis and for the most part all of these vessels are just large dilated vascular spaces. The general cause for hemorrhoids are basically increased val salva, straining at the stool,"," Please notice for a lack of a better, please notice that in order to make things more simple we'll just call all of these dilated blood vessels in the region hemorrhoids. Please notice that even though there are some cells collecting in some of them this is probably not a true thrombosis and for the most part all of these vessels are just large dilated vascular spaces. The general cause for hemorrhoids are basically increased Valsalva, straining at the stool,","[[{'entity': 'Presence', 'concept_id': 'C0150312', 'confidence': 1.0}, {'entity': 'dilated blood vessels', 'concept_id': 'C0424830', 'confidence': 1.0}, {'entity': 'region', 'concept_id': 'C0017446', 'confidence': 1.0}, {'entity': 'hemorrhoids', 'concept_id': 'C0019112', 'confidence': 1.0}], [{'entity': 'No true', 'concept_id': 'C0205238', 'confidence': 0.8752539157867432}, {'entity': 'thrombosis', 'concept_id': 'C0040053', 'confidence': 1.0}, {'entity': 'observed', 'concept_id': 'C1441672', 'confidence': 1.0}, {'entity': 'vessels', 'concept_id': 'C0005847', 'confidence': 1.0}, {'entity': 'vascular spaces', 'concept_id': 'C0225983', 'confidence': 0.819495439529419}], [{'entity': 'Hemorrhoids', 'concept_id': 'C0019112', 'confidence': 1.0}, {'entity': 'increased', 'concept_id': 'C0205217', 'confidence': 1.0}, {'entity': 'Valsalva', 'concept_id': 'C0750122', 'confidence': 1.0}, {'entity': 'straining', 'concept_id': 'C0442694', 'confidence': 1.0}]]",0.0,142.0,11.007751937984496,480.0,540.0,15.0
31,-QoNfyal1bU,1.0,9.0,"['Gastrointestinal', 'Dermatopathology', 'Renal']",-QoNfyal1bU_image_ce59665f-174b-462e-9673-d402f646842f.jpg,"['Presence of dilated blood vessels in the region, referred to as hemorrhoids.', 'No true thrombosis observed, and vessels are mostly large dilated vascular spaces.', 'Hemorrhoids are caused by increased Valsalva and straining.']","['dilated blood vessels', 'hemorrhoids', 'dilated blood vessels', 'hemorrhoids', 'dilated blood vessels', 'hemorrhoids']","['Presence of dilated blood vessels in the region, referred to as hemorrhoids.', 'No true thrombosis observed, and vessels are mostly large dilated vascular spaces.', 'Hemorrhoids are caused by increased Valsalva and straining.', 'dilated blood vessels', 'hemorrhoids', 'dilated blood vessels', 'hemorrhoids', 'dilated blood vessels', 'hemorrhoids']"," Please notice for a lack of a better, please notice that in order to make things more simple we'll just call all of these dilated blood vessels in the region hemorrhoids. Please notice that even though there are some cells collecting in some of them this is probably not a true thrombosis and for the most part all of these vessels are just large dilated vascular spaces. The general cause for hemorrhoids are basically increased val salva, straining at the stool,"," Please notice for a lack of a better, please notice that in order to make things more simple we'll just call all of these dilated blood vessels in the region hemorrhoids. Please notice that even though there are some cells collecting in some of them this is probably not a true thrombosis and for the most part all of these vessels are just large dilated vascular spaces. The general cause for hemorrhoids are basically increased Valsalva, straining at the stool,","[[{'entity': 'Presence', 'concept_id': 'C0150312', 'confidence': 1.0}, {'entity': 'dilated blood vessels', 'concept_id': 'C0424830', 'confidence': 1.0}, {'entity': 'region', 'concept_id': 'C0017446', 'confidence': 1.0}, {'entity': 'hemorrhoids', 'concept_id': 'C0019112', 'confidence': 1.0}], [{'entity': 'No true', 'concept_id': 'C0205238', 'confidence': 0.8752539157867432}, {'entity': 'thrombosis', 'concept_id': 'C0040053', 'confidence': 1.0}, {'entity': 'observed', 'concept_id': 'C1441672', 'confidence': 1.0}, {'entity': 'vessels', 'concept_id': 'C0005847', 'confidence': 1.0}, {'entity': 'vascular spaces', 'concept_id': 'C0225983', 'confidence': 0.819495439529419}], [{'entity': 'Hemorrhoids', 'concept_id': 'C0019112', 'confidence': 1.0}, {'entity': 'increased', 'concept_id': 'C0205217', 'confidence': 1.0}, {'entity': 'Valsalva', 'concept_id': 'C0750122', 'confidence': 1.0}, {'entity': 'straining', 'concept_id': 'C0442694', 'confidence': 1.0}]]",0.0,142.0,11.007751937984496,480.0,540.0,15.0
32,-QoNfyal1bU,1.0,10.0,"['Gastrointestinal', 'Dermatopathology', 'Renal']",-QoNfyal1bU_image_92d5467c-d926-43f6-9005-0e9a0fcb6ba6.jpg,"['The narrator is discussing hemorrhoids, which are caused by increased Valsalva, straining at the stool, and increased abdominal pressure.', 'The narrator notes that the vessels in the hemorrhoids are large dilated vascular spaces and not a true thrombosis.']","['Hemorrhoids region', 'Large dilated vascular spaces in hemorrhoids']","['The narrator is discussing hemorrhoids, which are caused by increased Valsalva, straining at the stool, and increased abdominal pressure.', 'The narrator notes that the vessels in the hemorrhoids are large dilated vascular spaces and not a true thrombosis.', 'Hemorrhoids region', 'Large dilated vascular spaces in hemorrhoids']"," region hemorrhoids. Please notice that even though there are some cells collecting in some of them this is probably not a true thrombosis and for the most part all of these vessels are just large dilated vascular spaces. The general cause for hemorrhoids are basically increased val salva, straining at the stool, increased abdominal pressure, the same types of things that generally cause hernias. Please also notice these are not thrombosed and it is one of the most common afflictions"," region hemorrhoids. Please notice that even though there are some cells collecting in some of them this is probably not a true thrombosis and for the most part all of these vessels are just large dilated vascular spaces. The general cause for hemorrhoids are basically increased Valsalva, straining at the stool, increased abdominal pressure, the same types of things that generally cause hernias. Please also notice these are not thrombosed and it is one of the most common afflictions","[[{'entity': 'narrator', 'concept_id': 'C1135957', 'confidence': 0.7711340188980103}, {'entity': 'hemorrhoids', 'concept_id': 'C0019112', 'confidence': 1.0}, {'entity': 'increased', 'concept_id': 'C0205217', 'confidence': 1.0}, {'entity': 'Valsalva', 'concept_id': 'C0750122', 'confidence': 1.0}, {'entity': 'straining', 'concept_id': 'C0442694', 'confidence': 1.0}, {'entity': 'stool', 'concept_id': 'C0015733', 'confidence': 1.0}, {'entity': 'increased', 'concept_id': 'C0205217', 'confidence': 1.0}, {'entity': 'abdominal pressure', 'concept_id': 'C0429218', 'confidence': 1.0}], [{'entity': 'narrator', 'concept_id': 'C1135957', 'confidence': 0.7711340188980103}, {'entity': 'notes', 'concept_id': 'C1317574', 'confidence': 1.0}, {'entity': 'vessels', 'concept_id': 'C0005847', 'confidence': 1.0}, {'entity': 'hemorrhoids', 'concept_id': 'C0019112', 'confidence': 1.0}, {'entity': 'vascular spaces', 'concept_id': 'C0225983', 'confidence': 0.819495439529419}, {'entity': 'thrombosis', 'concept_id': 'C0040053', 'confidence': 1.0}]]",0.0,142.0,11.007751937984496,480.0,540.0,15.0
33,-QoNfyal1bU,1.0,10.0,"['Gastrointestinal', 'Dermatopathology', 'Renal']",-QoNfyal1bU_image_0b47159e-2520-4c91-b7f3-aedb0ba81cd9.jpg,['The narrator notes that the vessels in the hemorrhoids are large dilated vascular spaces and not a true thrombosis.'],"['Hemorrhoids region', 'Large dilated vascular spaces in hemorrhoids', 'Hemorrhoids region', 'Large dilated vascular spaces in hemorrhoids']","['The narrator notes that the vessels in the hemorrhoids are large dilated vascular spaces and not a true thrombosis.', 'Hemorrhoids region', 'Large dilated vascular spaces in hemorrhoids', 'Hemorrhoids region', 'Large dilated vascular spaces in hemorrhoids']"," region hemorrhoids. Please notice that even though there are some cells collecting in some of them this is probably not a true thrombosis and for the most part all of these vessels are just large dilated vascular spaces. The general cause for hemorrhoids are basically increased val salva, straining at the stool, increased abdominal pressure, the same types of things that generally cause hernias. Please also notice these are not thrombosed and it is one of the most common afflictions"," region hemorrhoids. Please notice that even though there are some cells collecting in some of them this is probably not a true thrombosis and for the most part all of these vessels are just large dilated vascular spaces. The general cause for hemorrhoids are basically increased Valsalva, straining at the stool, increased abdominal pressure, the same types of things that generally cause hernias. Please also notice these are not thrombosed and it is one of the most common afflictions","[[{'entity': 'narrator', 'concept_id': 'C1135957', 'confidence': 0.7711340188980103}, {'entity': 'hemorrhoids', 'concept_id': 'C0019112', 'confidence': 1.0}, {'entity': 'increased', 'concept_id': 'C0205217', 'confidence': 1.0}, {'entity': 'Valsalva', 'concept_id': 'C0750122', 'confidence': 1.0}, {'entity': 'straining', 'concept_id': 'C0442694', 'confidence': 1.0}, {'entity': 'stool', 'concept_id': 'C0015733', 'confidence': 1.0}, {'entity': 'increased', 'concept_id': 'C0205217', 'confidence': 1.0}, {'entity': 'abdominal pressure', 'concept_id': 'C0429218', 'confidence': 1.0}], [{'entity': 'narrator', 'concept_id': 'C1135957', 'confidence': 0.7711340188980103}, {'entity': 'notes', 'concept_id': 'C1317574', 'confidence': 1.0}, {'entity': 'vessels', 'concept_id': 'C0005847', 'confidence': 1.0}, {'entity': 'hemorrhoids', 'concept_id': 'C0019112', 'confidence': 1.0}, {'entity': 'vascular spaces', 'concept_id': 'C0225983', 'confidence': 0.819495439529419}, {'entity': 'thrombosis', 'concept_id': 'C0040053', 'confidence': 1.0}]]",0.0,142.0,11.007751937984496,480.0,540.0,15.0
34,-QoNfyal1bU,1.0,10.0,"['Gastrointestinal', 'Dermatopathology', 'Renal']",-QoNfyal1bU_image_c767cc5a-0988-4269-9b59-e15613cef086.jpg,['The narrator notes that the vessels in the hemorrhoids are large dilated vascular spaces and not a true thrombosis.'],"['Hemorrhoids region', 'Large dilated vascular spaces in hemorrhoids', 'Large dilated vascular spaces in hemorrhoids']","['The narrator notes that the vessels in the hemorrhoids are large dilated vascular spaces and not a true thrombosis.', 'Hemorrhoids region', 'Large dilated vascular spaces in hemorrhoids', 'Large dilated vascular spaces in hemorrhoids']"," region hemorrhoids. Please notice that even though there are some cells collecting in some of them this is probably not a true thrombosis and for the most part all of these vessels are just large dilated vascular spaces. The general cause for hemorrhoids are basically increased val salva, straining at the stool, increased abdominal pressure, the same types of things that generally cause hernias. Please also notice these are not thrombosed and it is one of the most common afflictions"," region hemorrhoids. Please notice that even though there are some cells collecting in some of them this is probably not a true thrombosis and for the most part all of these vessels are just large dilated vascular spaces. The general cause for hemorrhoids are basically increased Valsalva, straining at the stool, increased abdominal pressure, the same types of things that generally cause hernias. Please also notice these are not thrombosed and it is one of the most common afflictions","[[{'entity': 'narrator', 'concept_id': 'C1135957', 'confidence': 0.7711340188980103}, {'entity': 'hemorrhoids', 'concept_id': 'C0019112', 'confidence': 1.0}, {'entity': 'increased', 'concept_id': 'C0205217', 'confidence': 1.0}, {'entity': 'Valsalva', 'concept_id': 'C0750122', 'confidence': 1.0}, {'entity': 'straining', 'concept_id': 'C0442694', 'confidence': 1.0}, {'entity': 'stool', 'concept_id': 'C0015733', 'confidence': 1.0}, {'entity': 'increased', 'concept_id': 'C0205217', 'confidence': 1.0}, {'entity': 'abdominal pressure', 'concept_id': 'C0429218', 'confidence': 1.0}], [{'entity': 'narrator', 'concept_id': 'C1135957', 'confidence': 0.7711340188980103}, {'entity': 'notes', 'concept_id': 'C1317574', 'confidence': 1.0}, {'entity': 'vessels', 'concept_id': 'C0005847', 'confidence': 1.0}, {'entity': 'hemorrhoids', 'concept_id': 'C0019112', 'confidence': 1.0}, {'entity': 'vascular spaces', 'concept_id': 'C0225983', 'confidence': 0.819495439529419}, {'entity': 'thrombosis', 'concept_id': 'C0040053', 'confidence': 1.0}]]",0.0,142.0,11.007751937984496,480.0,540.0,15.0
35,-QoNfyal1bU,1.0,11.0,"['Gastrointestinal', 'Dermatopathology', 'Renal']",-QoNfyal1bU_image_50483e91-4db5-41ec-9453-8e52f0483e82.jpg,"['Dilated vascular spaces seen in hemorrhoids, which are caused by increased abdominal pressure and straining during bowel movements.']",['dilated vascular spaces'],"['Dilated vascular spaces seen in hemorrhoids, which are caused by increased abdominal pressure and straining during bowel movements.', 'dilated vascular spaces']"," the most part all of these vessels are just large dilated vascular spaces. The general cause for hemorrhoids are basically increased val salva, straining at the stool, increased abdominal pressure, the same types of things that generally cause hernias. Please also notice these are not thrombosed and it is one of the most common afflictions of humanity. Thank you very much."," the most part all of these vessels are just large dilated vascular spaces. The general cause for hemorrhoids are basically increased Valsalva, straining at the stool, increased abdominal pressure, the same types of things that generally cause hernias. Please also notice these are not thrombosed and it is one of the most common afflictions of humanity. Thank you very much.","[[{'entity': 'Dilated', 'concept_id': 'C0700124', 'confidence': 0.9999999403953552}, {'entity': 'vascular spaces', 'concept_id': 'C0225983', 'confidence': 0.819495439529419}, {'entity': 'hemorrhoids', 'concept_id': 'C0019112', 'confidence': 1.0}, {'entity': 'increased', 'concept_id': 'C0205217', 'confidence': 1.0}, {'entity': 'abdominal pressure', 'concept_id': 'C0429218', 'confidence': 1.0}, {'entity': 'straining', 'concept_id': 'C0442694', 'confidence': 1.0}, {'entity': 'bowel', 'concept_id': 'C0021853', 'confidence': 1.0}, {'entity': 'movements', 'concept_id': 'C0026649', 'confidence': 0.9999999403953552}]]",0.0,142.0,11.007751937984496,480.0,540.0,15.0
36,-QoNfyal1bU,1.0,11.0,"['Gastrointestinal', 'Dermatopathology', 'Renal']",-QoNfyal1bU_image_a3073620-2f9c-4efc-8eb6-672d0ae9d27d.jpg,"['Dilated vascular spaces seen in hemorrhoids, which are caused by increased abdominal pressure and straining during bowel movements.']","['dilated vascular spaces', 'dilated vascular spaces']","['Dilated vascular spaces seen in hemorrhoids, which are caused by increased abdominal pressure and straining during bowel movements.', 'dilated vascular spaces', 'dilated vascular spaces']"," the most part all of these vessels are just large dilated vascular spaces. The general cause for hemorrhoids are basically increased val salva, straining at the stool, increased abdominal pressure, the same types of things that generally cause hernias. Please also notice these are not thrombosed and it is one of the most common afflictions of humanity. Thank you very much."," the most part all of these vessels are just large dilated vascular spaces. The general cause for hemorrhoids are basically increased Valsalva, straining at the stool, increased abdominal pressure, the same types of things that generally cause hernias. Please also notice these are not thrombosed and it is one of the most common afflictions of humanity. Thank you very much.","[[{'entity': 'Dilated', 'concept_id': 'C0700124', 'confidence': 0.9999999403953552}, {'entity': 'vascular spaces', 'concept_id': 'C0225983', 'confidence': 0.819495439529419}, {'entity': 'hemorrhoids', 'concept_id': 'C0019112', 'confidence': 1.0}, {'entity': 'increased', 'concept_id': 'C0205217', 'confidence': 1.0}, {'entity': 'abdominal pressure', 'concept_id': 'C0429218', 'confidence': 1.0}, {'entity': 'straining', 'concept_id': 'C0442694', 'confidence': 1.0}, {'entity': 'bowel', 'concept_id': 'C0021853', 'confidence': 1.0}, {'entity': 'movements', 'concept_id': 'C0026649', 'confidence': 0.9999999403953552}]]",0.0,142.0,11.007751937984496,480.0,540.0,15.0
37,-QoNfyal1bU,1.0,11.0,"['Gastrointestinal', 'Dermatopathology', 'Renal']",-QoNfyal1bU_image_3ce068ae-50da-4066-901f-5553c7b493e6.jpg,"['Dilated vascular spaces seen in hemorrhoids, which are caused by increased abdominal pressure and straining during bowel movements.']","['dilated vascular spaces', 'dilated vascular spaces']","['Dilated vascular spaces seen in hemorrhoids, which are caused by increased abdominal pressure and straining during bowel movements.', 'dilated vascular spaces', 'dilated vascular spaces']"," the most part all of these vessels are just large dilated vascular spaces. The general cause for hemorrhoids are basically increased val salva, straining at the stool, increased abdominal pressure, the same types of things that generally cause hernias. Please also notice these are not thrombosed and it is one of the most common afflictions of humanity. Thank you very much."," the most part all of these vessels are just large dilated vascular spaces. The general cause for hemorrhoids are basically increased Valsalva, straining at the stool, increased abdominal pressure, the same types of things that generally cause hernias. Please also notice these are not thrombosed and it is one of the most common afflictions of humanity. Thank you very much.","[[{'entity': 'Dilated', 'concept_id': 'C0700124', 'confidence': 0.9999999403953552}, {'entity': 'vascular spaces', 'concept_id': 'C0225983', 'confidence': 0.819495439529419}, {'entity': 'hemorrhoids', 'concept_id': 'C0019112', 'confidence': 1.0}, {'entity': 'increased', 'concept_id': 'C0205217', 'confidence': 1.0}, {'entity': 'abdominal pressure', 'concept_id': 'C0429218', 'confidence': 1.0}, {'entity': 'straining', 'concept_id': 'C0442694', 'confidence': 1.0}, {'entity': 'bowel', 'concept_id': 'C0021853', 'confidence': 1.0}, {'entity': 'movements', 'concept_id': 'C0026649', 'confidence': 0.9999999403953552}]]",0.0,142.0,11.007751937984496,480.0,540.0,15.0
